,individualcount,eventdate_datetime
0,8.0,2021-09-18 00:00:00+00:00
1,0.0,2021-01-04 00:00:00+00:00
2,5.0,2021-06-08 00:00:00+00:00
3,4.0,2021-12-18 00:00:00+00:00
4,2.0,2021-05-18 00:00:00+00:00
5,0.0,2021-06-11 16:24:00+00:00
6,1.0,2022-01-24 00:00:00+00:00
7,100.0,2021-05-16 00:00:00+00:00
8,65.0,2021-03-20 00:00:00+00:00
9,5.0,2021-04-22 00:00:00+00:00
10,7.0,2021-02-15 00:00:00+00:00
11,10.0,2021-08-07 00:00:00+00:00
12,300.0,2021-12-16 00:00:00+00:00
13,1.0,2021-01-21 00:00:00+00:00
14,2.0,2022-05-05 11:13:35+00:00
15,2.0,2021-02-21 20:08:11+00:00
16,0.0,2021-05-01 00:00:00+00:00
17,10.0,2023-03-12 00:00:00+00:00
18,60.0,2021-08-31 00:00:00+00:00
19,1.0,2021-05-10 00:00:00+00:00
20,4.0,2021-02-06 00:00:00+00:00
21,4.0,2021-07-06 00:00:00+00:00
22,4.0,2021-04-29 00:00:00+00:00
23,2.0,2021-04-03 00:00:00+00:00
24,32.0,2021-03-10 00:00:00+00:00
25,0.0,2022-04-24 13:46:00+00:00
26,0.0,2022-05-22 11:01:00+00:00
27,6.0,2021-03-25 00:00:00+00:00
28,18.0,2022-02-16 00:00:00+00:00
29,4.0,2021-08-24 00:00:00+00:00
30,0.0,2022-07-13 13:05:00+00:00
31,13.0,2021-03-21 00:00:00+00:00
32,4.0,2021-04-29 00:00:00+00:00
33,4.0,2021-03-08 00:00:00+00:00
34,14.0,2021-04-06 00:00:00+00:00
35,3.0,2021-09-16 00:00:00+00:00
36,90.0,2021-09-22 00:00:00+00:00
37,1.0,2022-11-01 00:00:00+00:00
38,0.0,2021-05-24 00:00:00+00:00
39,0.0,2022-08-06 12:23:00+00:00
40,24.0,2021-08-22 00:00:00+00:00
41,30.0,2021-03-12 00:00:00+00:00
42,2.0,2021-06-08 00:00:00+00:00
43,5.0,2021-06-01 00:00:00+00:00
44,1.0,2022-02-16 18:03:19+00:00
45,1.0,2021-04-30 00:00:00+00:00
46,5.0,2021-02-28 00:00:00+00:00
47,71.0,2021-08-05 00:00:00+00:00
48,15.0,2021-04-08 00:00:00+00:00
49,4.0,2021-03-13 00:00:00+00:00
50,4.0,2021-12-27 00:00:00+00:00
51,3.0,2021-09-27 00:00:00+00:00
52,75.0,2021-02-18 00:00:00+00:00
53,14.0,2021-05-06 00:00:00+00:00
54,2.0,2021-12-11 00:00:00+00:00
55,2.0,2022-02-23 02:49:16+00:00
56,16.0,2021-03-31 00:00:00+00:00
57,80.0,2021-01-08 00:00:00+00:00
58,4.0,2022-07-26 07:50:00+00:00
59,4.0,2021-03-02 00:00:00+00:00
60,0.0,2022-03-18 10:49:00+00:00
61,0.0,2022-11-25 11:37:00+00:00
62,103.0,2021-03-18 00:00:00+00:00
63,12.0,2021-11-12 00:00:00+00:00
64,30.0,2021-07-16 00:00:00+00:00
65,10.0,2021-10-27 00:00:00+00:00
66,12.0,2021-03-27 00:00:00+00:00
67,80.0,2021-01-18 00:00:00+00:00
68,1.0,2021-02-06 00:00:00+00:00
69,40.0,2021-10-24 00:00:00+00:00
70,3.0,2021-05-24 00:00:00+00:00
71,10.0,2021-01-23 00:00:00+00:00
72,4.0,2021-05-30 00:00:00+00:00
73,1.0,2022-01-10 09:07:37+00:00
74,15.0,2021-06-20 00:00:00+00:00
75,0.0,2021-01-25 00:00:00+00:00
76,2.0,2021-04-06 00:00:00+00:00
77,0.0,2021-04-13 08:42:00+00:00
78,1.0,2021-09-26 00:00:00+00:00
79,2.0,2021-04-24 00:00:00+00:00
80,2.0,2021-04-03 00:00:00+00:00
81,7.0,2021-05-28 00:00:00+00:00
82,29.0,2021-08-29 00:00:00+00:00
83,13.0,2021-10-07 00:00:00+00:00
84,900.0,2021-11-30 00:00:00+00:00
85,0.0,2021-08-05 00:00:00+00:00
86,15.0,2021-03-28 00:00:00+00:00
87,7.0,2021-07-29 00:00:00+00:00
88,0.0,2021-12-27 00:00:00+00:00
89,4.0,2021-08-05 00:00:00+00:00
90,5.0,2021-11-16 00:00:00+00:00
91,1.0,2021-04-10 00:00:00+00:00
92,35.0,2021-01-16 00:00:00+00:00
93,1.0,2022-07-02 00:00:00+00:00
94,1.0,2021-04-12 00:00:00+00:00
95,65.0,2023-03-16 00:00:00+00:00
96,4.0,2021-04-17 00:00:00+00:00
97,1.0,2021-06-30 00:00:00+00:00
98,50.0,2021-03-23 00:00:00+00:00
99,23.0,2021-09-16 00:00:00+00:00
100,10.0,2021-01-04 00:00:00+00:00
101,5.0,2021-09-19 00:00:00+00:00
102,1.0,2021-05-01 00:00:00+00:00
103,6.0,2021-12-19 00:00:00+00:00
104,3.0,2021-02-12 00:00:00+00:00
105,1.0,2021-03-13 00:00:00+00:00
106,1.0,2021-03-26 00:00:00+00:00
107,37.0,2021-01-31 00:00:00+00:00
108,2.0,2023-03-05 00:00:00+00:00
109,5.0,2021-03-01 00:00:00+00:00
110,75.0,2021-11-21 00:00:00+00:00
111,8.0,2021-05-29 00:00:00+00:00
112,2.0,2021-12-01 00:00:00+00:00
113,7.0,2022-09-24 00:00:00+00:00
114,15.0,2021-03-04 00:00:00+00:00
115,15.0,2021-12-04 00:00:00+00:00
116,0.0,2021-12-27 00:00:00+00:00
117,2.0,2021-05-08 00:00:00+00:00
118,2.0,2021-03-07 00:00:00+00:00
119,3.0,2021-04-12 00:00:00+00:00
120,2.0,2022-05-03 00:00:00+00:00
121,7.0,2021-06-13 00:00:00+00:00
122,3.0,2021-03-27 00:00:00+00:00
123,2.0,2021-05-09 00:00:00+00:00
124,4.0,2021-02-12 00:00:00+00:00
125,6.0,2021-03-31 00:00:00+00:00
126,30.0,2021-09-30 00:00:00+00:00
127,1.0,2021-01-12 00:00:00+00:00
128,21.0,2021-05-11 00:00:00+00:00
129,400.0,2021-06-21 00:00:00+00:00
130,14.0,2021-03-21 00:00:00+00:00
131,1.0,2021-03-30 00:00:00+00:00
132,109.0,2021-01-16 00:00:00+00:00
133,16.0,2021-03-26 00:00:00+00:00
134,1.0,2022-04-11 00:00:00+00:00
135,1.0,2021-05-14 00:00:00+00:00
136,31.0,2021-03-10 00:00:00+00:00
137,9.0,2021-03-21 00:00:00+00:00
138,2.0,2021-10-15 00:00:00+00:00
139,55.0,2021-01-15 00:00:00+00:00
140,0.0,2021-01-02 11:30:41+00:00
141,15.0,2021-09-24 00:00:00+00:00
142,1.0,2021-01-10 00:00:00+00:00
143,65.0,2021-09-04 00:00:00+00:00
144,27.0,2021-11-24 00:00:00+00:00
145,4.0,2021-11-22 00:00:00+00:00
146,3.0,2021-10-12 00:00:00+00:00
147,3.0,2021-05-21 00:00:00+00:00
148,2.0,2023-02-12 00:00:00+00:00
149,1.0,2021-04-05 00:00:00+00:00
150,305.0,2022-10-11 00:00:00+00:00
151,17.0,2021-02-14 00:00:00+00:00
152,8.0,2021-12-17 00:00:00+00:00
153,9.0,2021-09-06 00:00:00+00:00
154,8.0,2021-07-15 00:00:00+00:00
155,0.0,2023-03-05 07:23:00+00:00
156,25.0,2021-09-17 00:00:00+00:00
157,4.0,2021-11-06 00:00:00+00:00
158,2.0,2021-05-19 00:00:00+00:00
159,6.0,2021-04-10 00:00:00+00:00
160,14.0,2021-10-06 00:00:00+00:00
161,18.0,2021-09-01 00:00:00+00:00
162,11.0,2021-11-12 00:00:00+00:00
163,2.0,2021-04-16 00:00:00+00:00
164,2.0,2021-03-27 00:00:00+00:00
165,2.0,2021-03-30 00:00:00+00:00
166,2.0,2021-04-03 00:00:00+00:00
167,6.0,2021-08-06 00:00:00+00:00
168,96.0,2021-02-01 00:00:00+00:00
169,2.0,2021-04-19 00:00:00+00:00
170,2.0,2021-05-31 00:00:00+00:00
171,25.0,2022-05-19 00:00:00+00:00
172,12.0,2021-02-05 00:00:00+00:00
173,4.0,2021-05-07 00:00:00+00:00
174,2.0,2021-03-29 00:00:00+00:00
175,12.0,2021-04-26 00:00:00+00:00
176,22.0,2023-03-05 00:00:00+00:00
177,59.0,2021-09-01 00:00:00+00:00
178,120.0,2021-11-18 00:00:00+00:00
179,9.0,2021-07-28 00:00:00+00:00
180,1.0,2021-09-06 00:00:00+00:00
181,4.0,2021-07-14 00:00:00+00:00
182,150.0,2021-11-07 00:00:00+00:00
183,36.0,2021-04-30 00:00:00+00:00
184,2.0,2021-06-09 00:00:00+00:00
185,10.0,2021-10-24 00:00:00+00:00
186,2.0,2021-02-26 00:00:00+00:00
187,0.0,2021-01-13 00:00:00+00:00
188,2.0,2021-05-11 00:00:00+00:00
189,14.0,2021-04-02 00:00:00+00:00
190,30.0,2021-03-29 00:00:00+00:00
191,20.0,2021-11-27 00:00:00+00:00
192,0.0,2021-10-15 18:57:04+00:00
193,1.0,2021-05-15 00:00:00+00:00
194,44.0,2021-06-07 00:00:00+00:00
195,10.0,2021-05-03 00:00:00+00:00
196,0.0,2021-11-12 00:00:00+00:00
197,3.0,2021-09-22 00:00:00+00:00
198,8.0,2021-08-03 00:00:00+00:00
199,1.0,2021-04-23 00:00:00+00:00
200,0.0,2021-01-03 00:00:00+00:00
201,25.0,2021-01-09 00:00:00+00:00
202,8.0,2021-03-23 00:00:00+00:00
203,16.0,2021-02-03 00:00:00+00:00
204,0.0,2021-03-27 00:00:00+00:00
205,9.0,2021-05-30 00:00:00+00:00
206,24.0,2021-04-27 00:00:00+00:00
207,7.0,2021-04-06 00:00:00+00:00
208,2.0,2021-03-05 00:00:00+00:00
209,117.0,2021-02-01 00:00:00+00:00
210,4.0,2021-05-02 00:00:00+00:00
211,2.0,2021-05-18 00:00:00+00:00
212,5.0,2021-05-05 00:00:00+00:00
213,1.0,2022-06-15 00:00:00+00:00
214,1.0,2021-02-08 00:00:00+00:00
215,50.0,2021-12-26 00:00:00+00:00
216,11.0,2021-09-29 00:00:00+00:00
217,4.0,2021-03-01 00:00:00+00:00
218,64.0,2021-02-09 00:00:00+00:00
219,2.0,2022-12-13 00:00:00+00:00
220,7.0,2021-04-06 00:00:00+00:00
221,9.0,2021-07-07 00:00:00+00:00
222,40.0,2021-10-02 00:00:00+00:00
223,4.0,2022-10-14 00:00:00+00:00
224,60.0,2021-10-22 00:00:00+00:00
225,0.0,2021-05-12 00:00:00+00:00
226,6.0,2021-12-23 00:00:00+00:00
227,12.0,2021-05-10 00:00:00+00:00
228,2.0,2021-05-13 00:00:00+00:00
229,7.0,2021-04-17 00:00:00+00:00
230,3.0,2021-12-06 00:00:00+00:00
231,3.0,2022-09-02 00:00:00+00:00
232,3.0,2021-05-13 00:00:00+00:00
233,8.0,2021-08-19 00:00:00+00:00
234,2.0,2021-05-08 00:00:00+00:00
235,2.0,2021-04-09 00:00:00+00:00
236,2.0,2022-02-10 00:00:00+00:00
237,2.0,2021-05-09 00:00:00+00:00
238,20.0,2021-09-26 00:00:00+00:00
239,21.0,2021-12-07 00:00:00+00:00
240,2.0,2021-05-11 00:00:00+00:00
241,4.0,2021-04-24 00:00:00+00:00
242,2.0,2021-05-15 00:00:00+00:00
243,5.0,2021-05-20 00:00:00+00:00
244,36.0,2021-04-02 00:00:00+00:00
245,1.0,2021-05-04 00:00:00+00:00
246,62.0,2021-12-31 00:00:00+00:00
247,2.0,2021-03-19 00:00:00+00:00
248,11.0,2021-08-04 00:00:00+00:00
249,3.0,2021-10-14 00:00:00+00:00
250,1.0,2021-05-18 00:00:00+00:00
251,1.0,2021-04-27 00:00:00+00:00
252,22.0,2021-06-24 00:00:00+00:00
253,2.0,2021-07-03 00:00:00+00:00
254,2.0,2021-11-01 00:00:00+00:00
255,5.0,2021-08-29 00:00:00+00:00
256,1.0,2021-06-18 00:00:00+00:00
257,1.0,2021-05-01 00:00:00+00:00
258,20.0,2021-03-22 00:00:00+00:00
259,10.0,2021-04-07 00:00:00+00:00
260,10.0,2021-05-26 00:00:00+00:00
261,2.0,2021-11-13 00:00:00+00:00
262,30.0,2021-03-12 00:00:00+00:00
263,2.0,2021-03-12 00:00:00+00:00
264,1.0,2022-06-01 00:00:00+00:00
265,20.0,2021-01-25 00:00:00+00:00
266,0.0,2021-11-17 10:58:00+00:00
267,0.0,2022-09-17 10:18:00+00:00
268,2.0,2021-02-26 00:00:00+00:00
269,10.0,2021-04-03 00:00:00+00:00
270,0.0,2021-12-13 00:00:00+00:00
271,1.0,2021-05-28 00:00:00+00:00
272,0.0,2021-07-20 00:00:00+00:00
273,1.0,2021-09-12 00:00:00+00:00
274,1.0,2021-07-06 00:00:00+00:00
275,12.0,2021-01-02 00:00:00+00:00
276,25.0,2021-10-21 00:00:00+00:00
277,4.0,2021-02-27 00:00:00+00:00
278,11.0,2021-02-27 00:00:00+00:00
279,2.0,2021-05-19 00:00:00+00:00
280,30.0,2021-11-15 00:00:00+00:00
281,25.0,2021-12-27 00:00:00+00:00
282,2.0,2021-05-12 00:00:00+00:00
283,2.0,2021-05-16 00:00:00+00:00
284,34.0,2021-05-30 00:00:00+00:00
285,1.0,2021-09-13 00:00:00+00:00
286,2020.0,2023-03-04 00:00:00+00:00
287,3.0,2021-07-09 00:00:00+00:00
288,25.0,2021-08-31 00:00:00+00:00
289,50.0,2021-02-07 00:00:00+00:00
290,15.0,2021-02-17 00:00:00+00:00
291,4.0,2021-02-23 00:00:00+00:00
292,1.0,2022-05-08 00:00:00+00:00
293,2.0,2021-05-02 00:00:00+00:00
294,50.0,2021-10-13 00:00:00+00:00
295,100.0,2021-03-24 00:00:00+00:00
296,26.0,2021-11-21 00:00:00+00:00
297,0.0,2021-03-01 00:00:00+00:00
298,20.0,2022-11-18 00:00:00+00:00
299,1.0,2021-10-17 00:00:00+00:00
300,2.0,2021-07-31 00:00:00+00:00
301,25.0,2021-03-14 00:00:00+00:00
302,22.0,2021-04-14 00:00:00+00:00
303,4.0,2021-07-16 00:00:00+00:00
304,2.0,2021-05-15 00:00:00+00:00
305,38.0,2021-09-09 00:00:00+00:00
306,15.0,2021-09-21 00:00:00+00:00
307,1.0,2021-05-04 00:00:00+00:00
308,10.0,2021-10-04 00:00:00+00:00
309,13.0,2021-05-17 00:00:00+00:00
310,0.0,2021-06-20 00:00:00+00:00
311,3.0,2021-10-20 00:00:00+00:00
312,8.0,2021-04-19 00:00:00+00:00
313,7.0,2021-03-27 00:00:00+00:00
314,20.0,2021-11-08 00:00:00+00:00
315,4.0,2021-06-12 00:00:00+00:00
316,4.0,2021-12-27 00:00:00+00:00
317,16.0,2021-04-06 00:00:00+00:00
318,4.0,2022-02-01 00:00:00+00:00
319,1.0,2021-05-29 00:00:00+00:00
320,4.0,2021-09-23 00:00:00+00:00
321,8.0,2021-03-23 00:00:00+00:00
322,50.0,2021-02-02 00:00:00+00:00
323,60.0,2021-04-14 00:00:00+00:00
324,1.0,2021-06-13 00:00:00+00:00
325,3.0,2021-05-02 00:00:00+00:00
326,6.0,2021-04-23 00:00:00+00:00
327,39.0,2021-12-23 00:00:00+00:00
328,3.0,2021-06-09 00:00:00+00:00
329,0.0,2022-05-20 11:16:00+00:00
330,6.0,2021-05-01 00:00:00+00:00
331,2.0,2021-10-29 00:00:00+00:00
332,2.0,2021-05-24 00:00:00+00:00
333,38.0,2021-03-20 00:00:00+00:00
334,0.0,2022-01-19 00:00:00+00:00
335,19.0,2021-11-14 00:00:00+00:00
336,9.0,2021-04-02 00:00:00+00:00
337,1.0,2021-07-21 00:00:00+00:00
338,6.0,2021-08-28 00:00:00+00:00
339,6.0,2021-01-09 00:00:00+00:00
340,50.0,2021-09-22 00:00:00+00:00
341,0.0,2021-10-03 00:00:00+00:00
342,0.0,2021-07-03 00:00:00+00:00
343,4.0,2021-09-05 00:00:00+00:00
344,1.0,2021-10-31 00:00:00+00:00
345,6.0,2021-04-09 00:00:00+00:00
346,2.0,2021-02-14 00:00:00+00:00
347,13.0,2021-03-16 00:00:00+00:00
348,26.0,2021-02-19 00:00:00+00:00
349,60.0,2021-06-27 00:00:00+00:00
350,2.0,2021-01-22 00:00:00+00:00
351,4.0,2021-07-31 00:00:00+00:00
352,0.0,2022-05-09 00:00:00+00:00
353,1.0,2021-03-21 00:00:00+00:00
354,8.0,2021-01-22 00:00:00+00:00
355,0.0,2022-02-12 14:55:00+00:00
356,8.0,2021-08-29 00:00:00+00:00
357,2.0,2021-05-05 00:00:00+00:00
358,75.0,2021-04-20 00:00:00+00:00
359,6.0,2021-08-01 00:00:00+00:00
360,20.0,2021-09-13 00:00:00+00:00
361,40.0,2021-01-19 00:00:00+00:00
362,2.0,2021-04-03 00:00:00+00:00
363,0.0,2022-09-09 07:23:00+00:00
364,6.0,2021-04-09 00:00:00+00:00
365,6.0,2022-04-12 00:00:00+00:00
366,0.0,2021-03-22 00:00:00+00:00
367,5.0,2021-04-09 00:00:00+00:00
368,2.0,2021-05-20 00:00:00+00:00
369,4.0,2021-05-05 00:00:00+00:00
370,3.0,2021-05-12 00:00:00+00:00
371,1.0,2021-07-29 00:00:00+00:00
372,6.0,2023-02-24 00:00:00+00:00
373,2.0,2021-03-26 00:00:00+00:00
374,3.0,2021-03-16 00:00:00+00:00
375,1.0,2021-03-24 00:00:00+00:00
376,53.0,2021-09-01 00:00:00+00:00
377,0.0,2021-10-10 00:00:00+00:00
378,0.0,2021-01-06 00:00:00+00:00
379,1.0,2021-04-28 00:00:00+00:00
380,3.0,2021-07-03 00:00:00+00:00
381,3.0,2021-12-19 00:00:00+00:00
382,0.0,2022-02-27 19:20:00+00:00
383,14.0,2022-12-24 12:32:59+00:00
384,2.0,2021-11-17 00:00:00+00:00
385,62.0,2021-01-25 00:00:00+00:00
386,64.0,2021-01-17 00:00:00+00:00
387,42.0,2021-10-14 00:00:00+00:00
388,1.0,2021-01-14 00:00:00+00:00
389,37.0,2022-03-20 00:00:00+00:00
390,3.0,2021-05-09 00:00:00+00:00
391,6.0,2021-03-21 00:00:00+00:00
392,6.0,2021-02-06 00:00:00+00:00
393,3.0,2021-11-09 00:00:00+00:00
394,13.0,2021-03-15 00:00:00+00:00
395,4.0,2021-04-30 00:00:00+00:00
396,10.0,2021-10-02 00:00:00+00:00
397,1.0,2022-07-26 00:00:00+00:00
398,15.0,2022-11-13 00:00:00+00:00
399,10.0,2021-03-15 00:00:00+00:00
400,0.0,2021-10-26 00:00:00+00:00
401,10.0,2021-08-27 00:00:00+00:00
402,53.0,2021-02-28 00:00:00+00:00
403,48.0,2021-03-29 00:00:00+00:00
404,16.0,2021-01-14 00:00:00+00:00
405,2.0,2021-12-30 00:00:00+00:00
406,3.0,2021-05-14 00:00:00+00:00
407,2.0,2021-04-15 00:00:00+00:00
408,2.0,2022-04-16 00:00:00+00:00
409,2.0,2021-04-03 00:00:00+00:00
410,1.0,2021-05-05 00:00:00+00:00
411,6.0,2021-11-06 00:00:00+00:00
412,11.0,2021-10-05 00:00:00+00:00
413,1177.0,2021-12-04 00:00:00+00:00
414,4.0,2021-05-20 00:00:00+00:00
415,2.0,2021-06-05 00:00:00+00:00
416,8.0,2021-07-24 00:00:00+00:00
417,100.0,2021-02-17 00:00:00+00:00
418,11.0,2021-08-27 00:00:00+00:00
419,2.0,2021-04-02 00:00:00+00:00
420,17.0,2021-03-14 00:00:00+00:00
421,3.0,2021-09-10 00:00:00+00:00
422,10.0,2021-06-24 00:00:00+00:00
423,30.0,2021-10-10 00:00:00+00:00
424,31.0,2021-03-02 00:00:00+00:00
425,3.0,2021-04-17 00:00:00+00:00
426,1.0,2021-03-25 00:00:00+00:00
427,0.0,2021-06-20 00:00:00+00:00
428,4.0,2021-04-17 00:00:00+00:00
429,4.0,2021-07-22 00:00:00+00:00
430,2.0,2021-05-29 00:00:00+00:00
431,0.0,2021-05-04 00:00:00+00:00
432,2.0,2021-03-06 00:00:00+00:00
433,5.0,2021-05-01 00:00:00+00:00
434,23.0,2021-09-21 00:00:00+00:00
435,2.0,2021-05-09 00:00:00+00:00
436,11.0,2021-04-29 00:00:00+00:00
437,60.0,2021-04-21 00:00:00+00:00
438,55.0,2021-03-06 00:00:00+00:00
439,27.0,2021-09-03 00:00:00+00:00
440,13.0,2021-04-02 00:00:00+00:00
441,26.0,2021-05-08 00:00:00+00:00
442,1.0,2022-04-20 05:03:37+00:00
443,30.0,2021-03-03 00:00:00+00:00
444,0.0,2021-09-07 14:35:41+00:00
445,38.0,2021-08-11 00:00:00+00:00
446,26.0,2021-08-20 00:00:00+00:00
447,13.0,2021-09-18 00:00:00+00:00
448,3.0,2021-05-01 00:00:00+00:00
449,4.0,2021-06-25 00:00:00+00:00
450,1.0,2021-05-21 00:00:00+00:00
451,500.0,2021-01-17 00:00:00+00:00
452,1.0,2021-01-09 00:00:00+00:00
453,32.0,2021-03-13 00:00:00+00:00
454,1.0,2021-04-10 00:00:00+00:00
455,3.0,2021-07-17 00:00:00+00:00
456,0.0,2021-03-27 00:00:00+00:00
457,3.0,2021-12-05 00:00:00+00:00
458,2.0,2022-01-24 00:00:00+00:00
459,41.0,2021-11-26 00:00:00+00:00
460,8.0,2021-05-01 00:00:00+00:00
461,38.0,2021-09-22 00:00:00+00:00
462,12.0,2021-01-11 00:00:00+00:00
463,1.0,2021-05-08 00:00:00+00:00
464,1.0,2021-06-19 00:00:00+00:00
465,0.0,2021-01-04 00:00:00+00:00
466,0.0,2022-01-28 16:46:00+00:00
467,3.0,2021-08-28 00:00:00+00:00
468,3.0,2021-10-08 00:00:00+00:00
469,1.0,2021-10-24 00:00:00+00:00
470,3.0,2021-05-06 00:00:00+00:00
471,2.0,2021-05-05 00:00:00+00:00
472,24.0,2021-03-20 00:00:00+00:00
473,6.0,2021-10-30 00:00:00+00:00
474,16.0,2021-01-28 00:00:00+00:00
475,2.0,2021-04-15 00:00:00+00:00
476,16.0,2021-11-19 00:00:00+00:00
477,2.0,2022-01-09 00:00:00+00:00
478,0.0,2021-12-23 11:51:00+00:00
479,1.0,2022-05-04 00:58:41+00:00
480,2.0,2021-05-30 00:00:00+00:00
481,3.0,2021-05-11 00:00:00+00:00
482,30.0,2021-05-16 00:00:00+00:00
483,0.0,2021-06-25 00:00:00+00:00
484,8.0,2021-03-26 00:00:00+00:00
485,1.0,2021-07-24 00:00:00+00:00
486,1.0,2022-11-20 00:00:00+00:00
487,0.0,2023-01-22 16:12:00+00:00
488,17.0,2021-04-03 00:00:00+00:00
489,50.0,2021-09-04 00:00:00+00:00
490,6.0,2021-04-12 00:00:00+00:00
491,2.0,2021-05-11 00:00:00+00:00
492,50.0,2021-03-14 00:00:00+00:00
493,16.0,2021-03-31 00:00:00+00:00
494,4.0,2021-10-03 00:00:00+00:00
495,2.0,2022-05-16 00:00:00+00:00
496,200.0,2021-02-28 00:00:00+00:00
497,2.0,2021-01-24 00:00:00+00:00
498,20.0,2021-09-04 00:00:00+00:00
499,2.0,2021-04-11 00:00:00+00:00
500,6.0,2021-04-15 00:00:00+00:00
501,2.0,2022-01-01 00:00:00+00:00
502,6.0,2021-02-28 00:00:00+00:00
503,3.0,2021-10-08 00:00:00+00:00
504,2.0,2021-04-19 00:00:00+00:00
505,30.0,2021-01-10 00:00:00+00:00
506,1.0,2021-02-13 00:00:00+00:00
507,0.0,2022-05-07 08:50:30+00:00
508,1.0,2021-06-08 18:11:32+00:00
509,6.0,2021-05-06 00:00:00+00:00
510,3.0,2021-06-12 00:00:00+00:00
511,8.0,2021-09-13 00:00:00+00:00
512,0.0,2021-01-31 00:00:00+00:00
513,5.0,2021-03-14 00:00:00+00:00
514,2.0,2021-02-09 00:00:00+00:00
515,2.0,2021-05-22 00:00:00+00:00
516,30.0,2021-05-20 00:00:00+00:00
517,3.0,2021-06-16 00:00:00+00:00
518,55.0,2021-01-12 00:00:00+00:00
519,1.0,2021-05-16 00:00:00+00:00
520,50.0,2021-06-11 00:00:00+00:00
521,4.0,2021-05-13 00:00:00+00:00
522,30.0,2021-09-17 00:00:00+00:00
523,5.0,2021-12-27 00:00:00+00:00
524,23.0,2021-08-09 00:00:00+00:00
525,18.0,2021-07-14 00:00:00+00:00
526,20.0,2021-05-26 00:00:00+00:00
527,2.0,2021-11-12 00:00:00+00:00
528,38.0,2021-01-17 00:00:00+00:00
529,87.0,2021-01-10 00:00:00+00:00
530,7.0,2022-07-02 00:00:00+00:00
531,8.0,2021-10-18 00:00:00+00:00
532,2.0,2022-08-26 00:00:00+00:00
533,15.0,2021-01-18 00:00:00+00:00
534,100.0,2021-02-13 00:00:00+00:00
535,4.0,2021-04-24 00:00:00+00:00
536,90.0,2021-10-29 00:00:00+00:00
537,1.0,2021-05-14 00:00:00+00:00
538,5.0,2021-07-18 00:00:00+00:00
539,9.0,2021-08-26 00:00:00+00:00
540,10.0,2021-09-13 00:00:00+00:00
541,25.0,2021-10-08 00:00:00+00:00
542,12.0,2021-12-25 00:00:00+00:00
543,4.0,2021-04-30 00:00:00+00:00
544,6.0,2022-03-16 00:00:00+00:00
545,1.0,2021-02-25 00:42:28+00:00
546,6.0,2021-05-15 00:00:00+00:00
547,21.0,2021-10-09 00:00:00+00:00
548,4.0,2021-12-24 00:00:00+00:00
549,6.0,2021-09-08 00:00:00+00:00
550,6.0,2021-09-29 00:00:00+00:00
551,0.0,2021-07-22 00:00:00+00:00
552,10.0,2021-06-25 00:00:00+00:00
553,48.0,2021-01-09 00:00:00+00:00
554,10.0,2021-03-09 00:00:00+00:00
555,4.0,2021-01-09 00:00:00+00:00
556,2.0,2021-05-01 00:00:00+00:00
557,3.0,2021-05-13 00:00:00+00:00
558,30.0,2022-06-28 00:00:00+00:00
559,28.0,2021-11-09 00:00:00+00:00
560,0.0,2021-04-21 00:00:00+00:00
561,13.0,2021-12-08 00:00:00+00:00
562,10.0,2021-01-04 00:00:00+00:00
563,1.0,2021-09-22 00:00:00+00:00
564,9.0,2021-08-27 00:00:00+00:00
565,0.0,2021-07-05 00:00:00+00:00
566,5.0,2021-03-26 00:00:00+00:00
567,4.0,2021-05-07 00:00:00+00:00
568,105.0,2021-11-01 00:00:00+00:00
569,7.0,2022-02-01 00:00:00+00:00
570,27.0,2021-09-11 00:00:00+00:00
571,9.0,2021-03-05 00:00:00+00:00
572,3.0,2021-01-02 00:00:00+00:00
573,0.0,2022-10-30 16:29:34+00:00
574,9.0,2021-04-04 00:00:00+00:00
575,5.0,2021-02-20 00:00:00+00:00
576,6.0,2021-01-24 00:00:00+00:00
577,27.0,2021-02-26 00:00:00+00:00
578,4.0,2021-01-11 00:00:00+00:00
579,1.0,2021-02-06 00:00:00+00:00
580,1.0,2023-01-26 00:00:00+00:00
581,1.0,2021-10-03 00:00:00+00:00
582,2.0,2021-03-25 00:00:00+00:00
583,2.0,2021-01-02 00:00:00+00:00
584,2.0,2021-05-25 00:00:00+00:00
585,6.0,2021-01-20 00:00:00+00:00
586,20.0,2021-01-10 00:00:00+00:00
587,2.0,2021-10-21 00:00:00+00:00
588,7.0,2023-02-01 00:00:00+00:00
589,4.0,2021-03-28 00:00:00+00:00
590,35.0,2021-09-03 00:00:00+00:00
591,7.0,2021-01-19 00:00:00+00:00
592,42.0,2021-02-21 00:00:00+00:00
593,6.0,2021-12-12 00:00:00+00:00
594,0.0,2022-03-09 12:32:28+00:00
595,2.0,2021-05-15 00:00:00+00:00
596,1.0,2021-07-09 00:00:00+00:00
597,2.0,2021-09-24 00:00:00+00:00
598,2.0,2021-03-26 00:00:00+00:00
599,9.0,2021-03-01 00:00:00+00:00
600,0.0,2021-01-17 00:00:00+00:00
601,6.0,2022-08-09 00:00:00+00:00
602,24.0,2021-02-27 00:00:00+00:00
603,7.0,2021-08-22 00:00:00+00:00
604,6.0,2021-07-22 00:00:00+00:00
605,2.0,2021-05-11 00:00:00+00:00
606,2.0,2023-03-03 00:00:00+00:00
607,1.0,2021-09-03 00:00:00+00:00
608,10.0,2021-09-11 00:00:00+00:00
609,3.0,2021-09-10 00:00:00+00:00
610,1.0,2021-12-21 00:00:00+00:00
611,13.0,2021-12-15 00:00:00+00:00
612,1.0,2021-05-02 00:00:00+00:00
613,1.0,2021-11-09 00:00:00+00:00
614,7.0,2021-11-19 00:00:00+00:00
615,200.0,2021-11-11 00:00:00+00:00
616,25.0,2021-08-25 00:00:00+00:00
617,5.0,2021-04-17 00:00:00+00:00
618,8.0,2021-01-05 00:00:00+00:00
619,0.0,2021-01-10 00:00:00+00:00
620,1.0,2021-05-04 00:00:00+00:00
621,0.0,2021-09-25 00:00:00+00:00
622,14.0,2021-01-15 00:00:00+00:00
623,1.0,2021-04-24 00:00:00+00:00
624,12.0,2021-09-01 00:00:00+00:00
625,2.0,2021-12-04 00:00:00+00:00
626,6.0,2021-06-06 00:00:00+00:00
627,0.0,2021-04-24 10:24:00+00:00
628,2.0,2021-02-21 00:00:00+00:00
629,3.0,2021-05-13 00:00:00+00:00
630,6.0,2021-04-03 00:00:00+00:00
631,50.0,2021-11-09 00:00:00+00:00
632,3.0,2021-05-07 00:00:00+00:00
633,65.0,2021-03-22 00:00:00+00:00
634,7.0,2021-09-20 00:00:00+00:00
635,3.0,2021-05-27 00:00:00+00:00
636,1.0,2022-02-14 00:00:00+00:00
637,6.0,2021-03-12 00:00:00+00:00
638,25.0,2021-10-06 00:00:00+00:00
639,61.0,2021-01-03 00:00:00+00:00
640,10.0,2021-05-22 00:00:00+00:00
641,0.0,2021-04-22 12:04:00+00:00
642,0.0,2022-12-27 11:58:00+00:00
643,2.0,2021-05-26 00:00:00+00:00
644,11.0,2021-05-16 00:00:00+00:00
645,3.0,2021-11-05 00:00:00+00:00
646,0.0,2021-04-25 00:00:00+00:00
647,15.0,2021-05-07 00:00:00+00:00
648,2.0,2021-04-23 00:00:00+00:00
649,0.0,2023-01-20 12:36:00+00:00
650,2.0,2021-09-28 00:00:00+00:00
651,5.0,2021-10-03 00:00:00+00:00
652,70.0,2021-10-28 00:00:00+00:00
653,45.0,2021-09-09 00:00:00+00:00
654,2.0,2021-08-08 00:00:00+00:00
655,3.0,2021-05-23 00:00:00+00:00
656,2.0,2021-01-03 00:00:00+00:00
657,2.0,2021-04-01 00:00:00+00:00
658,1.0,2021-06-01 00:00:00+00:00
659,60.0,2021-12-04 00:00:00+00:00
660,5.0,2021-02-17 00:00:00+00:00
661,20.0,2021-08-19 00:00:00+00:00
662,11.0,2021-04-11 04:45:00+00:00
663,2.0,2021-05-22 00:00:00+00:00
664,2.0,2021-04-15 00:00:00+00:00
665,2.0,2021-09-01 00:00:00+00:00
666,20.0,2021-03-14 00:00:00+00:00
667,1.0,2021-04-06 00:00:00+00:00
668,0.0,2022-11-11 10:27:00+00:00
669,7.0,2021-06-03 00:00:00+00:00
670,70.0,2021-10-10 00:00:00+00:00
671,1.0,2021-04-14 00:00:00+00:00
672,1.0,2021-04-25 00:00:00+00:00
673,40.0,2021-01-04 00:00:00+00:00
674,8.0,2021-05-06 00:00:00+00:00
675,10.0,2021-12-03 00:00:00+00:00
676,21.0,2021-05-25 00:00:00+00:00
677,0.0,2022-12-04 12:02:27+00:00
678,27.0,2021-02-10 00:00:00+00:00
679,8.0,2021-10-03 00:00:00+00:00
680,14.0,2021-03-06 00:00:00+00:00
681,3.0,2021-10-20 00:00:00+00:00
682,3.0,2021-06-22 00:00:00+00:00
683,6.0,2021-05-12 00:00:00+00:00
684,12.0,2021-05-23 00:00:00+00:00
685,12.0,2021-12-22 00:00:00+00:00
686,2.0,2021-01-04 00:00:00+00:00
687,1.0,2022-01-01 00:00:00+00:00
688,40.0,2021-04-17 00:00:00+00:00
689,2.0,2021-05-30 00:00:00+00:00
690,0.0,2021-05-07 00:00:00+00:00
691,2.0,2021-05-19 00:00:00+00:00
692,80.0,2021-02-03 00:00:00+00:00
693,21.0,2021-10-14 00:00:00+00:00
694,70.0,2022-03-04 00:00:00+00:00
695,2.0,2021-06-12 00:00:00+00:00
696,2.0,2023-02-27 00:00:00+00:00
697,6.0,2021-06-06 00:00:00+00:00
698,5.0,2021-01-09 00:00:00+00:00
699,0.0,2023-02-06 16:22:04+00:00
700,8.0,2021-10-08 00:00:00+00:00
701,2.0,2021-04-27 00:00:00+00:00
702,0.0,2021-04-18 19:25:38+00:00
703,12.0,2021-10-20 00:00:00+00:00
704,2.0,2021-03-22 00:00:00+00:00
705,6.0,2021-01-11 00:00:00+00:00
706,32.0,2021-02-19 00:00:00+00:00
707,0.0,2022-08-15 10:22:00+00:00
708,14.0,2021-01-25 00:00:00+00:00
709,0.0,2021-06-21 00:00:00+00:00
710,6.0,2021-12-06 00:00:00+00:00
711,4.0,2023-01-05 00:00:00+00:00
712,64.0,2021-07-11 00:00:00+00:00
713,2.0,2021-09-25 00:00:00+00:00
714,1.0,2022-04-12 00:00:00+00:00
715,92.0,2021-12-12 00:00:00+00:00
716,5.0,2021-03-02 00:00:00+00:00
717,71.0,2021-07-01 00:00:00+00:00
718,5.0,2021-07-18 00:00:00+00:00
719,7.0,2021-01-14 00:00:00+00:00
720,11.0,2021-04-04 00:00:00+00:00
721,7.0,2021-03-21 00:00:00+00:00
722,8.0,2021-04-24 00:00:00+00:00
723,2.0,2021-06-06 00:00:00+00:00
724,22.0,2021-05-18 00:00:00+00:00
725,70.0,2021-10-17 00:00:00+00:00
726,0.0,2022-12-27 00:00:00+00:00
727,6.0,2021-02-13 00:00:00+00:00
728,26.0,2021-10-10 00:00:00+00:00
729,6.0,2021-10-25 00:00:00+00:00
730,4.0,2021-04-02 00:00:00+00:00
731,2.0,2021-03-30 00:00:00+00:00
732,18.0,2021-03-05 00:00:00+00:00
733,2.0,2021-04-25 00:00:00+00:00
734,32.0,2021-01-06 00:00:00+00:00
735,0.0,2021-03-23 00:00:00+00:00
736,4.0,2021-06-06 00:00:00+00:00
737,1.0,2022-09-03 00:00:00+00:00
738,6.0,2021-10-24 00:00:00+00:00
739,2.0,2021-03-27 00:00:00+00:00
740,4.0,2021-06-16 00:00:00+00:00
741,15.0,2021-05-09 00:00:00+00:00
742,30.0,2021-01-10 00:00:00+00:00
743,5.0,2021-06-06 00:00:00+00:00
744,5.0,2021-05-25 00:00:00+00:00
745,4.0,2021-03-31 00:00:00+00:00
746,3.0,2021-12-21 00:00:00+00:00
747,22.0,2021-04-06 00:00:00+00:00
748,10.0,2021-02-23 00:00:00+00:00
749,4.0,2021-05-11 00:00:00+00:00
750,5.0,2021-10-28 00:00:00+00:00
751,90.0,2021-10-17 00:00:00+00:00
752,0.0,2021-08-27 00:00:00+00:00
753,5.0,2021-10-26 00:00:00+00:00
754,26.0,2021-01-29 00:00:00+00:00
755,5.0,2021-11-20 00:00:00+00:00
756,3.0,2021-03-21 00:00:00+00:00
757,0.0,2021-05-11 00:00:00+00:00
758,35.0,2023-02-28 00:00:00+00:00
759,0.0,2021-02-02 15:59:00+00:00
760,8.0,2021-05-01 00:00:00+00:00
761,0.0,2021-05-01 08:39:00+00:00
762,1.0,2021-05-22 00:00:00+00:00
763,2.0,2021-07-04 00:00:00+00:00
764,6.0,2021-12-11 00:00:00+00:00
765,1.0,2021-03-24 00:00:00+00:00
766,2.0,2021-04-04 00:00:00+00:00
767,6.0,2021-12-10 00:00:00+00:00
768,8.0,2021-04-13 00:00:00+00:00
769,16.0,2021-09-28 00:00:00+00:00
770,6.0,2021-12-23 00:00:00+00:00
771,2.0,2021-01-23 00:00:00+00:00
772,51.0,2021-11-11 00:00:00+00:00
773,0.0,2021-12-19 00:00:00+00:00
774,15.0,2021-10-30 00:00:00+00:00
775,5.0,2021-04-20 00:00:00+00:00
776,0.0,2021-02-21 00:00:00+00:00
777,2.0,2021-03-27 00:00:00+00:00
778,0.0,2022-05-02 08:08:00+00:00
779,10.0,2021-08-10 00:00:00+00:00
780,8.0,2021-08-26 00:00:00+00:00
781,2.0,2021-05-14 00:00:00+00:00
782,0.0,2022-02-27 14:24:15+00:00
783,18.0,2021-03-07 00:00:00+00:00
784,10.0,2022-12-22 00:00:00+00:00
785,0.0,2021-12-10 00:00:00+00:00
786,1.0,2022-05-13 00:00:00+00:00
787,10.0,2021-02-21 00:00:00+00:00
788,12.0,2021-09-07 00:00:00+00:00
789,1.0,2021-05-06 00:00:00+00:00
790,12.0,2021-05-15 00:00:00+00:00
791,4.0,2021-08-26 00:00:00+00:00
792,43.0,2021-11-19 00:00:00+00:00
793,2.0,2021-05-16 00:00:00+00:00
794,126.0,2021-04-17 00:00:00+00:00
795,0.0,2023-01-15 12:44:00+00:00
796,19.0,2021-05-19 00:00:00+00:00
797,5.0,2021-03-20 00:00:00+00:00
798,4.0,2021-05-17 00:00:00+00:00
799,20.0,2021-02-06 00:00:00+00:00
800,12.0,2021-10-06 00:00:00+00:00
801,1.0,2021-06-13 00:00:00+00:00
802,55.0,2021-03-05 00:00:00+00:00
803,4.0,2021-03-22 00:00:00+00:00
804,40.0,2021-03-19 00:00:00+00:00
805,2.0,2021-05-03 00:00:00+00:00
806,1.0,2021-11-13 00:00:00+00:00
807,53.0,2021-02-20 00:00:00+00:00
808,2.0,2021-08-24 00:00:00+00:00
809,2.0,2021-03-23 00:00:00+00:00
810,1.0,2021-05-11 00:00:00+00:00
811,30.0,2021-05-06 00:00:00+00:00
812,0.0,2022-04-09 17:04:00+00:00
813,15.0,2021-04-27 00:00:00+00:00
814,12.0,2021-11-08 00:00:00+00:00
815,0.0,2021-02-27 00:00:00+00:00
816,13.0,2021-12-19 00:00:00+00:00
817,22.0,2021-05-10 00:00:00+00:00
818,16.0,2021-03-25 00:00:00+00:00
819,10.0,2021-04-05 00:00:00+00:00
820,2.0,2021-04-24 00:00:00+00:00
821,4.0,2021-01-17 00:00:00+00:00
822,41.0,2021-01-30 00:00:00+00:00
823,7.0,2021-12-23 00:00:00+00:00
824,19.0,2021-06-16 00:00:00+00:00
825,50.0,2021-03-18 00:00:00+00:00
826,5.0,2021-05-01 00:00:00+00:00
827,1.0,2021-09-18 00:00:00+00:00
828,6.0,2021-04-19 00:00:00+00:00
829,3.0,2021-01-23 00:00:00+00:00
830,9.0,2021-02-21 00:00:00+00:00
831,2.0,2022-04-15 00:00:00+00:00
832,36.0,2021-01-04 00:00:00+00:00
833,16.0,2021-02-01 00:00:00+00:00
834,11.0,2021-03-21 00:00:00+00:00
835,25.0,2021-02-28 00:00:00+00:00
836,8.0,2021-12-08 00:00:00+00:00
837,24.0,2021-10-26 00:00:00+00:00
838,0.0,2021-06-22 00:00:00+00:00
839,2.0,2022-03-16 00:00:00+00:00
840,10.0,2021-09-15 00:00:00+00:00
841,2.0,2021-05-13 00:00:00+00:00
842,36.0,2021-09-03 00:00:00+00:00
843,70.0,2021-10-12 00:00:00+00:00
844,1.0,2021-10-11 00:00:00+00:00
845,1.0,2021-04-24 00:00:00+00:00
846,30.0,2022-08-03 00:00:00+00:00
847,4.0,2022-04-24 00:00:00+00:00
848,4.0,2021-05-10 00:00:00+00:00
849,12.0,2021-04-17 00:00:00+00:00
850,125.0,2021-07-29 00:00:00+00:00
851,5.0,2021-05-01 00:00:00+00:00
852,6.0,2021-09-06 00:00:00+00:00
853,30.0,2021-05-15 00:00:00+00:00
854,6.0,2021-01-18 00:00:00+00:00
855,20.0,2021-09-06 00:00:00+00:00
856,25.0,2021-12-05 00:00:00+00:00
857,5.0,2021-07-23 00:00:00+00:00
858,60.0,2021-10-17 00:00:00+00:00
859,2.0,2021-09-05 00:00:00+00:00
860,2.0,2021-12-31 00:00:00+00:00
861,5.0,2021-06-11 00:00:00+00:00
862,4.0,2021-12-25 00:00:00+00:00
863,11.0,2021-10-16 00:00:00+00:00
864,100.0,2021-03-28 00:00:00+00:00
865,45.0,2021-10-03 00:00:00+00:00
866,3.0,2021-10-17 00:00:00+00:00
867,22.0,2021-03-30 00:00:00+00:00
868,2.0,2021-05-26 00:00:00+00:00
869,7.0,2021-08-07 00:00:00+00:00
870,3.0,2021-10-10 00:00:00+00:00
871,4.0,2021-12-03 00:00:00+00:00
872,6.0,2021-03-29 00:00:00+00:00
873,6.0,2021-11-08 00:00:00+00:00
874,5.0,2021-08-19 00:00:00+00:00
875,12.0,2021-03-10 00:00:00+00:00
876,2.0,2021-04-18 00:00:00+00:00
877,2.0,2021-06-05 00:00:00+00:00
878,2.0,2021-12-12 00:00:00+00:00
879,8.0,2021-07-31 00:00:00+00:00
880,3.0,2021-05-25 00:00:00+00:00
881,3.0,2021-09-06 00:00:00+00:00
882,1.0,2021-07-27 00:00:00+00:00
883,2.0,2021-04-13 00:00:00+00:00
884,4.0,2021-04-10 00:00:00+00:00
885,56.0,2021-04-05 00:00:00+00:00
886,2.0,2021-04-03 00:00:00+00:00
887,6.0,2021-09-22 00:00:00+00:00
888,20.0,2021-08-17 00:00:00+00:00
889,2.0,2021-05-22 00:00:00+00:00
890,3.0,2021-04-17 00:00:00+00:00
891,3.0,2021-06-25 00:00:00+00:00
892,4.0,2021-10-09 00:00:00+00:00
893,4.0,2021-06-18 00:00:00+00:00
894,10.0,2021-01-17 00:00:00+00:00
895,25.0,2021-09-04 00:00:00+00:00
896,25.0,2021-11-05 00:00:00+00:00
897,2.0,2022-01-06 00:00:00+00:00
898,2.0,2021-04-20 00:00:00+00:00
899,2.0,2021-03-23 00:00:00+00:00
900,1.0,2022-06-04 00:00:00+00:00
901,2.0,2021-09-05 00:00:00+00:00
902,0.0,2021-07-01 00:00:00+00:00
903,0.0,2021-04-09 00:00:00+00:00
904,12.0,2021-04-16 00:00:00+00:00
905,1.0,2021-04-28 00:00:00+00:00
906,155.0,2021-11-17 00:00:00+00:00
907,0.0,2021-10-01 00:00:00+00:00
908,8.0,2021-03-05 00:00:00+00:00
909,40.0,2021-11-22 00:00:00+00:00
910,4.0,2021-05-09 00:00:00+00:00
911,51.0,2021-01-09 00:00:00+00:00
912,4.0,2021-09-12 00:00:00+00:00
913,8.0,2021-03-23 00:00:00+00:00
914,2.0,2021-04-08 00:00:00+00:00
915,10.0,2021-03-21 00:00:00+00:00
916,10.0,2022-06-02 00:00:00+00:00
917,4.0,2022-05-28 00:00:00+00:00
918,1.0,2021-04-16 00:00:00+00:00
919,2.0,2021-11-20 00:00:00+00:00
920,2.0,2021-04-02 00:00:00+00:00
921,50.0,2022-11-06 00:00:00+00:00
922,2.0,2021-05-17 00:00:00+00:00
923,35.0,2021-02-27 00:00:00+00:00
924,1.0,2021-04-25 00:00:00+00:00
925,3.0,2022-08-06 00:00:00+00:00
926,6.0,2021-04-24 00:00:00+00:00
927,19.0,2021-12-22 00:00:00+00:00
928,500.0,2021-01-18 00:00:00+00:00
929,0.0,2023-01-17 14:49:44+00:00
930,2.0,2021-02-22 00:00:00+00:00
931,5.0,2021-09-05 00:00:00+00:00
932,0.0,2022-03-13 22:17:22+00:00
933,1.0,2021-10-15 00:00:00+00:00
934,0.0,2023-01-03 13:03:47+00:00
935,1.0,2021-04-08 00:00:00+00:00
936,100.0,2021-10-30 00:00:00+00:00
937,16.0,2021-12-12 00:00:00+00:00
938,10.0,2021-11-05 00:00:00+00:00
939,2.0,2021-03-06 00:00:00+00:00
940,0.0,2021-08-16 17:20:00+00:00
941,7.0,2021-05-19 00:00:00+00:00
942,20.0,2021-10-28 00:00:00+00:00
943,30.0,2021-06-06 00:00:00+00:00
944,9.0,2021-05-08 00:00:00+00:00
945,4.0,2021-07-29 00:00:00+00:00
946,1.0,2022-08-09 00:00:00+00:00
947,20.0,2021-04-09 00:00:00+00:00
948,100.0,2021-10-02 00:00:00+00:00
949,1.0,2021-10-10 00:00:00+00:00
950,11.0,2021-02-17 00:00:00+00:00
951,4.0,2021-04-04 00:00:00+00:00
952,5.0,2023-01-09 00:00:00+00:00
953,1.0,2021-04-27 00:00:00+00:00
954,6.0,2021-11-08 00:00:00+00:00
955,3.0,2021-06-09 00:00:00+00:00
956,2.0,2021-05-30 00:00:00+00:00
957,4.0,2021-09-12 00:00:00+00:00
958,5.0,2021-05-03 00:00:00+00:00
959,1.0,2021-05-18 00:00:00+00:00
960,4.0,2022-04-02 00:00:00+00:00
961,5.0,2021-03-28 00:00:00+00:00
962,30.0,2021-01-03 00:00:00+00:00
963,60.0,2021-02-27 00:00:00+00:00
964,8.0,2021-05-22 00:00:00+00:00
965,0.0,2022-01-01 11:23:00+00:00
966,20.0,2021-03-13 00:00:00+00:00
967,1.0,2021-05-28 00:00:00+00:00
968,2.0,2021-03-14 00:00:00+00:00
969,2.0,2021-06-14 00:00:00+00:00
970,5.0,2021-03-05 00:00:00+00:00
971,8.0,2021-06-13 00:00:00+00:00
972,2.0,2021-04-26 00:00:00+00:00
973,4.0,2021-04-04 00:00:00+00:00
974,3.0,2021-05-12 00:00:00+00:00
975,2.0,2021-05-29 00:00:00+00:00
976,2.0,2021-04-24 00:00:00+00:00
977,40.0,2021-12-04 00:00:00+00:00
978,187.0,2021-11-02 00:00:00+00:00
979,4.0,2021-10-16 00:00:00+00:00
980,4.0,2022-01-24 00:00:00+00:00
981,2.0,2021-05-08 00:00:00+00:00
982,17.0,2021-03-30 00:00:00+00:00
983,8.0,2021-02-25 00:00:00+00:00
984,50.0,2021-07-24 00:00:00+00:00
985,6.0,2022-07-25 00:00:00+00:00
986,36.0,2021-06-23 00:00:00+00:00
987,100.0,2021-08-23 00:00:00+00:00
988,1.0,2021-03-15 00:00:00+00:00
989,0.0,2021-11-19 00:00:00+00:00
990,38.0,2021-01-19 00:00:00+00:00
991,1.0,2021-04-23 00:00:00+00:00
992,4.0,2021-04-17 00:00:00+00:00
993,6.0,2021-12-02 00:00:00+00:00
994,1.0,2021-10-23 00:00:00+00:00
995,1.0,2022-01-07 00:00:00+00:00
996,0.0,2021-11-25 00:00:00+00:00
997,15.0,2021-10-21 00:00:00+00:00
998,6.0,2021-04-17 00:00:00+00:00
999,2.0,2022-01-05 00:00:00+00:00
